source_name,url,domain,title,type_source,date,year,ingredient,ingredient_found_in_text,type_signal,summary_excerpt,confidence_score
coslaw.eu,https://coslaw.eu/the-european-commission-is-restricting-the-use-of-new-cosmetic-ingredients-omnibus-act-2/,coslaw.eu,New ingredient restrictions in the EU - Omnibus Act 2,database,2025-07-16T14:33:44+00:00,2025,silver,True,safety_risk,"New conditions for the use of Silver Zinc Zeolite In 2017, Silver zinc zeolite was added to Annex II, which lists substances prohibited in cosmetic products, under entry 1597, due to its classification as a CMR substance (carcinogenic, mutagenic, or toxic for reproduction) under the CLP (Classification, Labelling and Packaging) Regulation .",35
shapypro.com,https://shapypro.com/eu-cosmetics-regulation-2025-updates/,shapypro.com,EU Cosmetics Regulation: Key Updates and Compliance 2025,news,2025-10-30T09:00:34+00:00,2025,silver,True,safety_risk,"EU Cosmetics Regulation: Annex II Banned Ingredients Key substances added to Annex II (prohibited ingredients) include: Silver Zinc Zeolite , except when authorized as a preservative (Annex V).",34
health.ec.europa.eu,https://health.ec.europa.eu/publications/sccs-opinion-safety-silver-casec-no-7440-22-4231-131-3-used-cosmetic-products_en,health.ec.europa.eu,SCCSOpinionon thesafetyofSilver(CAS/EC No....) - Public Health,official,2024-07-03T14:00:00+0200,2024,silver,True,safety_risk,"2, does the SCCS consider micron-sized particulate Silver safe when used up to a maximum concentration of 0.2 % in rinse-off and 0.3 % in leave-on cosmetic products?",34
entercogroup.com,https://www.entercogroup.com/post/a-compilation-of-cosmetic-regulations-uupdates-in-europe-and-the-united-states-in-2025,entercogroup.com,A Compilation ofCosmeticRegulations Uupdates inEuropeand the...,news,2026-03-11T16:00:00.000Z,2026,silver,True,safety_risk,"Furthermore, the European Commission has successively requested the SCCS to conduct further safety assessments on ingredients such as titanium dioxide, silicone substances, silver, and acetophenone, and has sought scientific opinions regarding the occupational exposure risks for hairdressing professionals to hazardous substances.",32
zmuni.com,https://www.zmuni.com/en/news/understandingtheeucosmeticsprohibitedsubstanceslistin2025/,zmuni.com,Understanding the EU Cosmetics Prohibited Substances List in,news,2025-08-20T03:05:59+00:00,2025,silver,True,safety_risk,"For example, on 14 March 2024, the European Commission adopted Regulation (EU) 2024/858 amending Regulation (EC) No 1223/2009, which added the following nanomaterials to the list of prohibited substances: styrene/acrylates copolymer (nano), sodium styrene/acrylates copolymer (nano), copper (nano), colloidal copper(nano), colloidal silver(nano), gol...",32
cosmeticobs.com,https://cosmeticobs.com/en/articles/regulation-57/silver-request-for-an-opinion-to-the-sccs-7709,cosmeticobs.com,Silver: request for an Opinion to the SCCS - Regulation,news,2023,2023,silver,True,safety_risk,"Nov 27, 2023 ·Following an opinion from theRiskAssessment Committee (RAC) of theEuropeanChemicalsAgency (ECHA) recommending thatsilverbe classified as “Toxic for Reproduction Category 2”, which could lead to a ban on its use incosmetics, the industry submitted a dossier in defence of the substance.",21
cosmeticobs.com,https://cosmeticobs.com/en/articles/regulation-57/silver-final-opinion-of-the-sccs-8212,cosmeticobs.com,Silver: final Opinion of the SCCS - Regulation,news,,,silver,True,safety_risk,"Following the RAC opinion, the European Commission may propose a classification forsilveras a ""Toxic for Reproduction Category 2"" (CLP Regulation Annex VI entry), which could lead to abanon its use incosmetics, unless positively assessed by the SCCS.",17
criticalcatalyst.com,https://criticalcatalyst.com/sccs-final-opinion-on-the-safety-of-silver-used-in-cosmetic-products/,criticalcatalyst.com,SCCS Final Opinion on the safety of Silver used in cosmetic ...,unknown,2024,2024,silver,True,other,"Jul 3, 2024 ·In October 2023, the Commission services received a dossier to defend the safe use of micron sized particulateSilveras a conditioning agent incosmeticproducts according to Article 15 of theCosmeticsRegulation1223/2009.",15
cosmeticobs.com,https://cosmeticobs.com/en/articles/sccs-44/silver-new-request-for-opinion-to-the-sccs-9023,cosmeticobs.com,Silver: new request forOpinionto theSCCS-SCCS,news,2025,2025,silver,True,other,"On 30 October 2025, during its plenary meeting, the Scientific Committee on ConsumerSafety(SCCS) approved theEuropeanCommission's mandate to evaluate thesafetyofSilverused incosmeticproducts.",14
cosmeticscare.eu,https://www.cosmeticscare.eu/en/new-regulations-for-silver-hexyl-salicylate-and-o-phenylphenol/,cosmeticscare.eu,"New regulations for silver, hexyl salicylate, and o-phenylphenol",unknown,2026,2026,silver,True,ban,"Jan 18, 2026 ·Currently,silveris listed in the entry 142 of Annex IV toRegulation(EC) No. 1223/2009 as an permitted colourant (CI 77820), while its colloidal nanoform (1–100 nm) is prohibited incosmeticproducts (entry 1727 in Annex II).",14
echa.europa.eu,https://echa.europa.eu/substance-information/-/substanceinfo/100.028.301,echa.europa.eu,Substance Information - ECHA,official,,,silver,False,restriction,"REACH- Registration, Evaluation, Authorisation and Restriction of Chemicals Regulation AboutCLP- Classification, Labelling and Packaging About BPR - Biocidal Products Regulation EUON - EU Observatory for Nanomaterials Previous Legislations ... Expand all Collapse all About CAD - Chemical Agents Directive About Construction Products ...",14
useforesight.io,https://www.useforesight.io/news/echa-proposes-new-regulations-for-silver-and-silver-compounds,useforesight.io,ECHA Proposes New Regulations for Silver and Silver Compounds,news,2024,2024,silver,True,safety_risk,"Jun 11, 2024 ·ECHA'sassessment emphasises the need for robust regulatory frameworks to manage therisksassociated withsilverand its compounds. The proposed actions aim to enhance worker safety, protect environmental health, and ensure that these substances are used responsibly across various sectors.",14
chemsafe-consulting.com,https://www.chemsafe-consulting.com/2025/01/21/2024-in-a-nutshell/,chemsafe-consulting.com,REACH Restriction on Microplastics,unknown,2024,2024,silver,False,restriction,"New Version of IUCLID (8.0.1) is released byECHAon April 29, 2024, in order to implement the newCLPhazard classes introduced by Reg.(EU) 2023 ...",14
meditecheurope.co.uk,https://www.meditecheurope.co.uk/blog/nano-silver-gold-regulations-ban-supplements-cosmetics/,meditecheurope.co.uk,Nano Silver & Nano Gold Regulations: What's Behind the New Restrictions?,unknown,,,silver,True,restriction,"Vitamin D, magnesium, and other key nutrients are increasingly being restricted.Banon nanosilverand nano gold incosmeticsAs of this year, nanosilverand nano gold can no longer be used incosmeticproducts. This means that antibacterial creams and high-end skincare with gold particles can no longer be marketed.",14
freyrsolutions.com,https://www.freyrsolutions.com/consumer-industry-news/eu-sccs-issues-preliminary-opinion-on-the-safety-of-silver-in-cosmetic-products,freyrsolutions.com,EU SCCS Issues Preliminary Opinion On The Safety of Silver In Cosmetic ...,news,2026,2026,silver,True,other,"On 18 December 2025, the Scientific Committee on Consumer Safety (SCCS) published a preliminary opinion (SCCS/1687/25) on the use ofsilver(CAS No. 7440-22-4; EC No. 231-131-3) incosmeticproducts. The opinion, adopted on 17 December 2025 at the request of the European Commission, is open for public comments until 23 February 2026. Based on newly sub...",14
cirs-group.com,https://www.cirs-group.com/en/cosmetics/sccs-issued-preliminary-opinion-on-silver-used-in-cosmetic-products,cirs-group.com,SCCS Issued Preliminary Opinion on Silver Used in Cosmetic Products,unknown,2026,2026,silver,True,other,"On 18 December 2025, the Scientific Committee on Consumer Safety (SCCS) of the European Union issued preliminary opinion (SCCS/1687/25) open for comments onSilver(CAS No 7440-22-4) used incosmeticproducts. The deadline for comments is set for 23 February, 2026.",14
cirs-ck.com,https://www.cirs-ck.com/en/sccs-issued-the-final-opinion-on-the-safety-of-silver,cirs-ck.com,SCCSIssued the FinalOpinionon theSafetyofSilver,unknown,,,silver,True,restriction,"EU,Cosmetic,Safety,SCCS,Silver,Final.2, does theSCCSconsider micron-sized particulateSilversafe when used up to a maximum concentration of 0.2 % in rinse-off and 0.3 % in leave-oncosmeticproducts?",13
pubmed.ncbi.nlm.nih.gov,https://pubmed.ncbi.nlm.nih.gov/27825836/,pubmed.ncbi.nlm.nih.gov,Opinionof the Scientific Committee on ConsumerSafety(SCCS)...,scientific,,,silver,True,other,"SCCSconsiders the release ofsilverions from ""EcoG+"" as a component in packaging material safe for use as preservative with a concentration of maximum 2.0% in thecosmeticpackaging material.Consumer ProductSafety*.Cosmetics/ adverse effects*. Humans.",13
hal.science,https://hal.science/hal-03759691v1/document,hal.science,Scientific advice on thesafetyof nanomaterials incosmetics(SCCS)...,unknown,,,silver,True,restriction,"TheSCCShas recently evaluated thesafetyof colloidalsilver(nano) when used incosmeticsincluding toothpastes and skin care products with a maximum concentration limit of 1%, taking into account the reasonably foreseeable exposure conditions (SCCS/1596/18).",13
cosmetics.freyrsolutions.com,https://cosmetics.freyrsolutions.com/sccs-final-opinion-on-the-safety-of-silver-in-cosmetic-products,cosmetics.freyrsolutions.com,SCCSfinal opinion on the safety ofsilverincosmeticproducts,unknown,2024,2024,silver,True,restriction,The committee's decision was adopted during a plenary meeting on 27 March 2024. TheSCCSconcludes that micron-sized particulateSilveris safe whenusedup to a maximum concentration of 0.2% in rinse-off and 0.3% in leave-oncosmeticproducts.,13
hal.science,https://hal.science/hal-03759691/document,hal.science,Scientific advice on the safety of nanomaterials in cosmetics (SCCS)...,unknown,,,silver,True,restriction,"TheSCCShas recently evaluated the safety of colloidalsilver(nano) whenusedincosmetics including toothpastes and skin careproductswith a maximum concentration limit of 1%, taking into account the reasonably foreseeable exposure conditions (SCCS/1596/18).",13
cosmetic.chemlinked.com,https://cosmetic.chemlinked.com/news/cosmetic-news/eu-sccs-consults-on-the-opinion-about-silver,cosmetic.chemlinked.com,[Updated] EU SCCS Finalizes the Opinion About Silver,news,2024,2024,silver,True,other,"On July 3, 2024, EU SCCS released its final opinion on the safety ofSilverused incosmetics. Compared to the preliminary opinion, the final version notably removes the safe use concentration for shampoo from the conclusion.",13
l-i.co.uk,https://www.l-i.co.uk/news/regulatory-update-for-silver-ag-in-the-cosmetic-industry/,l-i.co.uk,Regulatory Update for Silver in the Cosmetic Industry,news,2026,2026,silver,True,safety_risk,"As of May 1, 2026, newEUregulationswill take effect thatrestrictthe use ofSilver(CI 77820 / CAS 7440-22-4) incosmeticproducts.Silverhas been classified as a ReproductiveToxicantCategory 2.",12
lexology.com,https://www.lexology.com/library/detail.aspx?g=d735e4fb-ed60-4ad1-90e6-5db60812409d,lexology.com,EC Committee Publishes FinalOpinionon ColloidalSilver... - Lexology,unknown,2018,2018,silver,True,other,"On October 26, 2018, theEuropeanCommission (EC) Scientific Committee on ConsumerSafety(SCCS) published its finalopinionon colloidalsilver(nano). According to the finalopinion, the EC received 63 notifications ofcosmeticproducts containing colloidalsilverin nano form.",11
cirs-group.com,https://www.cirs-group.com/en/cosmetics/sccs-issued-final-opinion-on-the-safety-of-silver-zinc-zeolite,cirs-group.com,SCCSIssued FinalOpinionon theSafetyofSilverZinc... - CIRS Group,unknown,,,silver,True,other,"Europe.EuropeanUnion Collection ofSCCS'sOpiniononCosmeticIngredients.2, does theSCCSconsiderSilverZinc Zeolite safe when used as a preservative incosmeticproducts according to the specifications and concentration limits provided in the dossier submission?",11
criticalcatalyst.com,https://criticalcatalyst.com/silver-in-cosmetics-sccs-preliminary-opinion/,criticalcatalyst.com,SilverinCosmetics:SCCSpreliminaryopinion. – CRITICAL...,unknown,,,silver,True,other,"The recent preliminaryopinionfrom the Scientific Committee on ConsumerSafety(SCCS) regardingsilverincosmeticsis crucial for consumers and manufacturers. This article breaks down the key points, making it easier to understand the implications and stay informed.",11
cirs-group.com,https://www.cirs-group.com/en/cosmetics/sccs-issued-the-final-opinion-on-the-safety-of-silver,cirs-group.com,SCCS Issued the Final Opinion on the Safety of Silver,unknown,2024,2024,silver,True,other,"Jul 19, 2024 ·On July 3, 2024, the Scientific Committee on Consumer Safety (SCCS) of theEuropeanUnionissued final opinion onSilver(CAS/EC No. 7440-22-4/231-131-3, SCCS/1665/24). The preliminary opinion was released on March 27, 2023.",11
health.ec.europa.eu,https://health.ec.europa.eu/publications/sccs-scientific-advice-silver-used-cosmetic-products-casec-no-7440-22-4231-131-3_en,health.ec.europa.eu,SCCS- Scientific Advice onSilverusedincosmeticproducts...,official,,,silver,True,restriction,"2, does theSCCSconsider micron-sized particulateSilver[100 nm < particle diameter < 1 mm] safe whenusedup to a maximum concentration of 0.2 % in rinse-off and 0.3 % in leave-oncosmeticproducts?",11
belabservices.com,https://www.belabservices.com/en/post/final-opinion-by-the-sccs-on-silver-and-triphenyl-phosphate,belabservices.com,Final opinion by theSCCSonsilverand Triphenyl Phosphate,unknown,,,silver,True,other,The Scientific Committee on Consumer Safety (SCCS) has evaluated the safety ofsilver(CAS/EC No. 7440-22-4/231-131-3)usedincosmeticproducts. This opinion is crucial for manufacturers and consumers as it ensures the safety ofcosmeticproductscontainingsilverparticles...,11
cosmetics.specialchem.com,https://cosmetics.specialchem.com/news/industry-news/ec-requests-sccs-for-opinion-on-silver-000232563,cosmetics.specialchem.com,European Commission RequestsSCCSfor Scientific Opinion onSilver,news,,,silver,True,restriction,"2, does theSCCSconsider micron-sized particulateSilversafe whenusedup to a maximum concentration of 0.2 % in rinse-off and 0.3 % in leave-oncosmeticproducts?",11
researchgate.net,https://www.researchgate.net/publication/381927474_SCCS_Opinion_on_the_safety_of_Silver_CASEC_No_7440-22-4231-131-3_used_in_cosmetic_products_-_SCCS166524_-_Final_version,researchgate.net,SCCSOpinion on the safety ofSilver(CAS/EC No....),unknown,,,silver,True,other,"Silver(Ag; massive, powder and nanoform) and Ag compounds areusedinindustrial, medical and consumer applications, with potential for human exposure.Controlsreceiving ordinary tap water and mice given 0.002% AgNO3 showed no antinucleolar antibodies.",11
toxpartner.com,https://www.toxpartner.com/articles/butylparaben-sccs-opinion/,toxpartner.com,Butylparaben: Request forSCCSopinion - ToxPartner,news,,,silver,True,other,Silver: Request forSCCSopinion. The Commission requests theSCCSto carry out a safety assessment on micronsized particulateSilver(CAS/EC No. 7440-22-4/231-131-3)usedincosmeticproducts. The Committee has six months to deliver its Opinion.,11
nanotech-now.com,https://www.nanotech-now.com/columns/?article=1380,nanotech-now.com,Nanotechnology Now - EC Committee Publishes FinalOpinionon...,news,2018,2018,silver,True,other,"On October 26, 2018, theEuropeanCommission (EC) Scientific Committee on ConsumerSafety(SCCS) published its finalopinionon colloidalsilver(nano).",9
greenchemfinder.com,https://greenchemfinder.com/2025/11/18/silver-regulatory-update-for-cosmetics/,greenchemfinder.com,EU Ban on Metallic Silver in Cosmetics: What Formulators Need ...,unknown,2025,2025,silver,True,ban,"Nov 18, 2025 ·Allcosmeticproducts containing colloidalsilver(nano) must be removed from distribution channels, retail shelves, and online marketplaces throughout theEuropeanUnion.",9
vereinonline.org,https://www.vereinonline.org/vch/files/mailattachments/RSAnlagen2023/AP4_CLP_CA_15_2023_CLP_2022_ATP_ECHA_Response_to_comments_2.pdf,vereinonline.org,49 Meeting of Competent Authorities for REACH and CLP ...,unknown,,,silver,False,other,Summaries ofECHAresponse to comments on the RAC opinions for the 22nd ATP Assessment (RAC) which were adopted in 2 TheECHAresponses are summarised below. Detailed responses are provided in the Annexes to this document.,9
ekotox.eu,https://ekotox.eu/reporting-hazardous-mixtures-to-echa/,ekotox.eu,Reporting hazardous mixtures to ECHA - Ekotox EU,unknown,,,silver,False,other,Annex VIII to theCLPRegulation introduces a harmonized format for the submission of information by importers and downstream users to poison centres.,9
cosmeticobs.com,https://cosmeticobs.com/en/articles/echa-63/echa-rac-opinions-on-classification-of-4-cosmetic-ingredients-6413,cosmeticobs.com,"ECHA: RAC Opinions on classification of 4 ""cosmetic""",news,,,silver,False,safety_risk,TheRiskAssessment Committee (RAC) of the European Chemicals Agency (ECHA) has just adopted its Opinions on the classification and harmonised ...,9
ekotox.eu,https://ekotox.eu/silver-harmonization/,ekotox.eu,Silver – EU CLP classification harmonized - Ekotox EU,unknown,,,silver,True,other,"With the adoption of a harmonized classification, manufacturers, distributors, and users ofsilver-containing products now have to comply with updated safety and hazard classifications to ensure consistent labeling and handling of this chemical substance across the European Union.",8
cirs-group.com,https://www.cirs-group.com/en/cosmetics/sccs-issued-final-opinion-on-thiomersal-and-phenylmercuric-salts-as-peservatives-in-cosmetic-products?trk=article-ssr-frontend-pulse_little-text-block,cirs-group.com,SCCSIssued Final Opinion on Thiomersal and... - CIRS Group,news,,,silver,True,other,SCCSIssued Preliminary Opinion onSilverUsedinCosmeticProducts.,8
personalcareinsights.com,https://www.personalcareinsights.com/news/eu-bans-dangerous-cosmetic-ingredients.html,personalcareinsights.com,EU bans and restricts dozens of dangerous cosmetic ingredients,industry_watch,,,silver,False,safety_risk,"... European Commission is banning and restricting a wide range ofcosmeticingredients deemed unsafe, including commonly used substances like sodium ...",7
linkedin.com,https://www.linkedin.com/pulse/sccs-final-opinion-safety-silver-used-cosmetic-products-y22ff,linkedin.com,SCCS Final Opinion on the safety of Silver used in cosmetic,unknown,2024,2024,silver,True,other,"Aug 6, 2024 ·In October 2023, the Commission received a dossier to defend the safe use of micronsized particulateSilveras a conditioning agent incosmeticproducts. Following this, the Commission requests...",7
linkedin.com,https://www.linkedin.com/pulse/sccs-preliminary-opinion-silver-used-cosmetics-products-8fpde,linkedin.com,SCCSPreliminary Opinion onSilverusedincosmeticproducts,unknown,2024,2024,silver,True,safety_risk,"In June 2024, theSCCSconcluded in its Opinion that micron-sized particulateSilverwas not safe at concentrations up to 0.2% in rinse-off and 0.3% in leave-oncosmeticproductswhenusedalone or in combination.",7
linkedin.com,https://www.linkedin.com/pulse/sccs-published-its-final-opinion-safety-silver-used-cosmetic-smjpe,linkedin.com,SCCS Published Its Final Opinion on the Safety of Silver ... - LinkedIn,unknown,,,silver,True,other,"Silver(CAS/EC No. 7440-22-4/231-131-3) is widely used in thecosmeticindustry, thanks to its metallic and shimmery effect to various products.",5
